"gene","A9","A21","A33"
"Solyc01g006400",14,7,14
"Solyc01g006880",2927,4698,7837
"Solyc01g007070",95,110,99
"Solyc01g007350",1764,882,2864
"Solyc01g007570",0,0,0
"Solyc01g010000",127,138,168
"Solyc01g015000",44,62,125
"Solyc01g016410",42,77,123
"Solyc01g057760",1686,2913,3593
"Solyc01g065490",220,270,547
"Solyc01g066940",65,74,221
"Solyc01g067040",112,105,182
"Solyc01g067290",30,21,16
"Solyc01g067720",305,299,1096
"Solyc01g067930",314,248,940
"Solyc01g068060",304,391,875
"Solyc01g068600",64,88,95
"Solyc01g073640",89,164,75
"Solyc01g073680",1529,1179,3493
"Solyc01g080020",472,181,889
"Solyc01g088530",127,227,382
"Solyc01g088590",19,7,4
"Solyc01g090180",14,8,10
"Solyc01g094010",489,489,5007
"Solyc01g094700",2216,3472,11653
"Solyc01g096230",484,543,2438
"Solyc01g096450",52,50,42
"Solyc01g101240",779,968,875
"Solyc01g103140",363,484,1101
"Solyc01g103590",325,74,292
"Solyc01g103850",609,628,1218
"Solyc01g104910",247,437,327
"Solyc01g104950",73,83,71
"Solyc01g105030",1,6,3
"Solyc01g105050",3,0,4
"Solyc01g107210",164,313,473
"Solyc01g108780",3,5,5
"Solyc01g109030",10,6,32
"Solyc01g109830",1051,1038,1862
"Solyc01g109880",2628,1497,8829
"Solyc01g111350",16,16,37
"Solyc01g111620",229,332,521
"Solyc02g032120",1098,1606,3247
"Solyc02g038760",920,1699,1830
"Solyc02g063150",6,6,14
"Solyc02g065780",0,1,0
"Solyc02g068230",308,263,464
"Solyc02g068560",2167,2905,4460
"Solyc02g069490",29,17,59
"Solyc02g069800",763,1626,7595
"Solyc02g070940",11,18,40
"Solyc02g070990",1,0,0
"Solyc02g071270",1921,2860,3326
"Solyc02g077780",685,884,1644
"Solyc02g080260",2530,4134,6053
"Solyc02g080330",4225,3455,31059
"Solyc02g080530",798,964,792
"Solyc02g080570",1270,1679,3002
"Solyc02g082900",183,180,314
"Solyc02g084440",33,36,197
"Solyc02g084990",25,21,31
"Solyc02g087970",3,0,4
"Solyc02g088510",163,259,467
"Solyc02g089630",427,78,1636
"Solyc02g090030",18,22,43
"Solyc02g090890",19,12,22
"Solyc02g091560",91,167,159
"Solyc02g091840",382,1153,979
"Solyc02g091890",611,788,1566
"Solyc02g093490",347,575,1058
"Solyc03g006050",59,65,84
"Solyc03g006350",524,497,935
"Solyc03g007270",339,472,1093
"Solyc03g007440",361,311,673
"Solyc03g034230",19,32,177
"Solyc03g078630",22,9,59
"Solyc03g096840",144,133,718
"Solyc03g098590",95,188,288
"Solyc03g098790",1,0,0
"Solyc03g111410",596,858,1089
"Solyc03g111550",824,386,25169
"Solyc03g111640",1329,2573,2568
"Solyc03g112760",46,91,35
"Solyc03g113390",406,553,1853
"Solyc03g115080",234,222,543
"Solyc03g115900",14,4,27
"Solyc03g116880",405,623,717
"Solyc03g117280",308,408,798
"Solyc03g117660",515,624,908
"Solyc03g120910",1075,1667,1455
"Solyc03g121270",578,624,2540
"Solyc03g121600",1549,2215,5138
"Solyc03g123440",1072,1159,2900
"Solyc04g007130",182,491,589
"Solyc04g007520",178,215,520
"Solyc04g009030",6,7,14
"Solyc04g011580",723,1133,2058
"Solyc04g014250",733,895,1602
"Solyc04g016220",1,0,0
"Solyc04g040180",120,41,391
"Solyc04g054410",712,819,1145
"Solyc04g054980",1443,1897,3919
"Solyc04g054990",16,28,24
"Solyc04g058200",154,188,406
"Solyc04g063230",1286,1362,2325
"Solyc04g063380",944,1768,2577
"Solyc04g072860",136,148,205
"Solyc04g074080",384,254,806
"Solyc04g074640",13,19,10
"Solyc04g074700",5,0,4
"Solyc04g074770",153,156,400
"Solyc04g076010",83,58,425
"Solyc04g076990",40,29,289
"Solyc04g077780",0,0,8
"Solyc04g078540",711,948,2075
"Solyc04g081100",2345,3047,3576
"Solyc04g082510",1515,1853,5909
"Solyc04g082630",6,1,43
"Solyc04g082700",267,280,318
"Solyc05g005080",162,282,841
"Solyc05g008390",223,223,890
"Solyc05g009520",500,658,2893
"Solyc05g011960",61,72,180
"Solyc05g012580",0,0,0
"Solyc05g013510",11,20,41
"Solyc05g014640",548,818,1252
"Solyc05g015420",74,67,197
"Solyc05g045670",1,7,3
"Solyc05g051040",288,498,704
"Solyc05g053130",867,1508,2262
"Solyc05g054210",8,4,3
"Solyc06g005250",178,197,493
"Solyc06g005500",225,338,739
"Solyc06g005710",11,17,21
"Solyc06g009400",461,461,1261
"Solyc06g053230",90,125,246
"Solyc06g053750",1735,2691,4458
"Solyc06g062530",955,1283,1958
"Solyc06g063370",25,73,18
"Solyc06g065100",728,648,3868
"Solyc06g065710",2866,4533,6533
"Solyc06g069500",1171,1722,2885
"Solyc06g069730",1,3,0
"Solyc06g071490",828,1150,1680
"Solyc06g071500",34,53,53
"Solyc06g072840",1,0,0
"Solyc06g073670",871,1183,1989
"Solyc06g073970",163,216,279
"Solyc06g074200",3,2,14
"Solyc06g074820",52,119,231
"Solyc06g076480",79,73,177
"Solyc06g082950",13,6,8
"Solyc06g083390",23,51,219
"Solyc06g083580",15,6,31
"Solyc06g083680",10,21,32
"Solyc07g005760",9,7,1
"Solyc07g006380",205,99,171
"Solyc07g006560",10,0,0
"Solyc07g006970",867,864,4057
"Solyc07g021750",178,190,1687
"Solyc07g042550",695,843,5885
"Solyc07g043390",49,7,85
"Solyc07g043460",128,18,162
"Solyc07g043480",23,6,238
"Solyc07g043500",27,1,34
"Solyc07g047850",29,31,48
"Solyc07g053050",7,0,35
"Solyc07g055920",9,4,41
"Solyc07g061780",1006,1291,1238
"Solyc07g061790",37,18,46
"Solyc07g062500",161,47,332
"Solyc07g062520",17,12,42
"Solyc07g063420",680,536,2393
"Solyc07g064940",114,120,311
"Solyc07g065090",17,7,59
"Solyc07g065110",29,18,2
"Solyc07g065500",15,27,22
"Solyc07g065660",143,191,179
"Solyc08g006820",1654,1606,3971
"Solyc08g007770",19,13,106
"Solyc08g008610",281,171,4615
"Solyc08g016080",225,363,544
"Solyc08g016160",17,4,12
"Solyc08g060810",1743,2547,5220
"Solyc08g062490",0,0,0
"Solyc08g065940",99,270,313
"Solyc08g067030",808,1435,865
"Solyc08g067320",2,0,1
"Solyc08g074480",5,0,3
"Solyc08g075080",815,1029,1012
"Solyc08g076160",119,192,202
"Solyc08g076220",5,0,17
"Solyc08g076350",601,743,1293
"Solyc08g076690",227,309,428
"Solyc08g078670",12,14,50
"Solyc08g080580",334,393,351
"Solyc08g081220",1285,1200,9869
"Solyc09g007290",369,466,956
"Solyc09g007900",80,47,162
"Solyc09g009510",167,160,307
"Solyc09g010640",238,347,749
"Solyc09g011580",3,0,20
"Solyc09g011810",2,0,10
"Solyc09g014160",147,72,108
"Solyc09g014520",19,29,117
"Solyc09g064280",331,296,571
"Solyc09g064500",9,10,24
"Solyc09g065910",6,11,18
"Solyc09g066460",630,770,1177
"Solyc09g066480",1103,1630,2511
"Solyc09g072670",595,699,1287
"Solyc09g074510",1338,2018,3310
"Solyc09g075140",1018,1037,3670
"Solyc09g075810",101,133,2752
"Solyc09g075850",731,682,1680
"Solyc09g090570",1,0,0
"Solyc09g091960",202,222,249
"Solyc10g006130",64,93,235
"Solyc10g006230",5,2,7
"Solyc10g007600",9,0,4
"Solyc10g007690",9,5,6
"Solyc10g054780",249,497,1684
"Solyc10g075160",0,4,0
"Solyc10g077120",35,50,54
"Solyc10g081980",17,16,740
"Solyc10g084440",29,27,88
"Solyc10g085740",656,621,2092
"Solyc10g085750",1958,1267,2658
"Solyc11g010850",75,110,115
"Solyc11g011850",151,244,478
"Solyc11g012620",200,226,260
"Solyc11g013310",1417,793,6974
"Solyc11g022590",0,0,10
"Solyc11g045270",70,122,185
"Solyc11g066040",311,358,563
"Solyc11g067260",43,48,93
"Solyc11g068950",2,0,0
"Solyc11g069430",75,130,10
"Solyc11g072030",359,395,1656
"Solyc11g072050",255,393,592
"Solyc12g005270",2605,4498,6332
"Solyc12g006460",18,0,74
"Solyc12g006620",337,559,602
"Solyc12g009600",5,0,1
"Solyc12g009680",408,294,1316
"Solyc12g009930",11,8,20
"Solyc12g011340",298,323,899
"Solyc12g013910",122,183,270
"Solyc12g014170",586,1168,889
"Solyc12g017460",298,661,152
"Solyc12g019550",1,0,2
"Solyc12g042920",362,537,1179
"Solyc12g042930",5,0,4
"Solyc12g042990",509,979,1384
"Solyc12g044280",4,9,13
"Solyc12g044330",322,645,810
"Solyc12g044630",29,8,2
"Solyc12g049520",52,75,69
"Solyc12g096090",36,65,46
"Solyc12g096670",10,11,3
"Solyc12g098450",167,106,91
"Solyc12g098600",0,0,0
"Solyc12g099500",3,0,23
